episode_id,state_id,direct_regret,absolute_regret,absolute_minus_direct_regret,direct_top1,absolute_top1,baseline_regret
0.0,1200.0,0.0,0.11858486446938318,0.11858486446938318,0.0,0.0,0.0
0.0,1280.0,0.0,0.0,0.0,1.0,0.0,0.0
0.0,1360.0,0.0858036054959622,0.0858036054959622,0.0,0.0,0.0,0.0
0.0,1520.0,0.0,0.7073343706651233,0.7073343706651233,1.0,0.0,0.7073343706651233
0.0,1600.0,0.0,0.0,0.0,0.0,0.0,0.0
0.0,1680.0,0.0,0.12760238532420837,0.12760238532420837,1.0,0.0,0.12760238532420837
0.0,1760.0,0.0,0.12760238532420837,0.12760238532420837,1.0,0.0,0.12760238532420837
0.0,1920.0,0.0,0.35793195444174997,0.35793195444174997,1.0,0.0,0.35793195444174997
0.0,2000.0,0.0,0.37250083700937175,0.37250083700937175,1.0,0.0,0.37250083700937175
0.0,2080.0,0.19113429966273557,0.0,-0.19113429966273557,0.0,0.0,0.19113429966273557
0.0,2160.0,0.0,0.0,0.0,0.0,0.0,0.0
0.0,2240.0,0.0,0.0,0.0,0.0,0.0,0.0
0.0,2320.0,3.9841438211458904,0.0,-3.9841438211458904,0.0,1.0,3.9841438211458904
0.0,2400.0,3.6897591113183283,0.0,-3.6897591113183283,0.0,1.0,3.921095121970168
0.0,2480.0,0.0,0.0,0.0,1.0,1.0,4.603757427482831
0.0,2560.0,0.0,0.0,0.0,0.0,0.0,0.0
0.0,2640.0,0.0,0.0,0.0,0.0,1.0,0.0
0.0,2720.0,0.027192661560913056,0.36022901153711506,0.333036349976202,0.0,0.0,0.027192661560913056
0.0,2800.0,0.0,0.0,0.0,0.0,0.0,0.0
0.0,2880.0,0.0,0.0,0.0,0.0,0.0,0.0
0.0,2960.0,0.0,0.0,0.0,0.0,0.0,0.0
0.0,3040.0,0.0,0.021334615672067438,0.021334615672067438,1.0,0.0,0.021334615672067438
0.0,3120.0,0.0,0.0,0.0,0.0,0.0,0.0
0.0,3200.0,0.0,0.0,0.0,1.0,1.0,0.0
0.0,3280.0,0.0,0.0,0.0,0.0,0.0,0.0
0.0,3360.0,0.0,0.0,0.0,0.0,0.0,0.0
0.0,3440.0,0.0,0.0,0.0,1.0,0.0,0.0
0.0,3520.0,1.460660613428893,0.024390891864754082,-1.436269721564139,0.0,0.0,0.024390891864754082
0.0,3600.0,0.0,0.0,0.0,0.0,1.0,0.0
0.0,3680.0,0.17632157593923445,0.0,-0.17632157593923445,0.0,1.0,0.17632157593923445
0.0,3760.0,3.5338579638185426,2.47079091677632,-1.0630670470422228,0.0,0.0,3.5338579638185426
0.0,3840.0,0.0,0.0,0.0,0.0,0.0,0.0
0.0,3920.0,0.7055992604347889,0.7055992604347889,0.0,0.0,0.0,0.7055992604347889
1.0,1200.0,0.8186556122269928,0.0,-0.8186556122269928,0.0,1.0,0.8186556122269928
1.0,1280.0,0.02313646244713348,0.02313646244713348,0.0,0.0,0.0,0.02313646244713348
1.0,1360.0,0.0,0.0,0.0,1.0,0.0,0.0
1.0,1440.0,0.0,0.0,0.0,0.0,0.0,0.0
1.0,1520.0,0.0,0.9808674341159361,0.9808674341159361,1.0,0.0,0.9808674341159361
1.0,1600.0,0.0,0.0,0.0,0.0,0.0,0.0
1.0,1680.0,0.0,0.0,0.0,0.0,0.0,0.0
1.0,1760.0,0.0,0.0,0.0,0.0,0.0,0.0
1.0,1840.0,0.0,0.0,0.0,1.0,1.0,0.39921189308088856
1.0,1920.0,0.0,0.0,0.0,0.0,0.0,0.0
1.0,2000.0,0.0,0.28546000951920164,0.28546000951920164,1.0,0.0,0.28546000951920164
1.0,2080.0,0.0,0.0,0.0,0.0,0.0,0.0
1.0,2160.0,0.0,0.0,0.0,0.0,0.0,0.0
1.0,2240.0,0.0,0.0,0.0,0.0,0.0,0.0
1.0,2320.0,0.0,0.0,0.0,0.0,0.0,0.0
1.0,2400.0,0.0,0.0,0.0,1.0,0.0,0.0
1.0,2480.0,0.0,0.0,0.0,0.0,1.0,0.0
1.0,2560.0,0.6848476729735287,0.0,-0.6848476729735287,0.0,0.0,0.0
1.0,2640.0,0.0,0.0,0.0,1.0,1.0,0.03756855560894179
1.0,2720.0,0.0,0.0,0.0,0.0,0.0,0.0
1.0,2800.0,0.0,0.0,0.0,0.0,0.0,0.0
1.0,2880.0,0.0,0.10981943873195465,0.10981943873195465,1.0,0.0,0.10981943873195465
1.0,2960.0,0.0,1.0198144220295757,1.0198144220295757,1.0,0.0,1.0198144220295757
1.0,3040.0,1.3532472830048767,1.3532472830048767,0.0,0.0,0.0,0.0
1.0,3120.0,0.0,0.0,0.0,0.0,0.0,0.0
1.0,3200.0,0.0,0.0,0.0,0.0,0.0,0.0
1.0,3280.0,0.0,0.0,0.0,0.0,0.0,0.0
1.0,3360.0,0.15093653387097103,0.07808385992370181,-0.07285267394726921,0.0,0.0,0.15093653387097103
1.0,3440.0,0.0,0.01082078077978069,0.01082078077978069,1.0,0.0,0.02645403921018731
1.0,3520.0,0.4080981469474066,0.0,-0.4080981469474066,0.0,1.0,0.4080981469474066
1.0,3600.0,0.529042371828256,0.529042371828256,0.0,0.0,0.0,0.0
1.0,3680.0,1.017805636369316,1.017805636369316,0.0,0.0,0.0,1.017805636369316
1.0,3760.0,0.0,0.0,0.0,1.0,1.0,3.1924185696848255
1.0,3840.0,0.07463514887232159,0.0,-0.07463514887232159,0.0,1.0,0.7552505652156447
1.0,3920.0,1.9751881375335674,0.0,-1.9751881375335674,0.0,1.0,1.9751881375335674
2.0,1200.0,0.0,0.0,0.0,0.0,0.0,0.0
2.0,1280.0,0.0,0.0,0.0,0.0,0.0,0.0
2.0,1360.0,0.0,3.9295937706108393,3.9295937706108393,1.0,0.0,3.9295937706108393
2.0,1440.0,0.0,0.0,0.0,0.0,0.0,0.0
2.0,1520.0,0.0,0.19034666895568053,0.19034666895568053,1.0,0.0,0.19034666895568053
2.0,1600.0,0.0,0.12461840771649355,0.12461840771649355,1.0,0.0,0.12461840771649355
2.0,1680.0,0.0,0.0,0.0,0.0,0.0,0.0
2.0,1760.0,0.0,0.0,0.0,0.0,0.0,0.0
2.0,1840.0,0.0,0.0,0.0,0.0,0.0,0.0
2.0,1920.0,0.0,0.0,0.0,0.0,0.0,0.0
2.0,2000.0,0.0,0.43878482920955564,0.43878482920955564,1.0,0.0,0.43878482920955564
2.0,2080.0,0.0,0.019100049141937633,0.019100049141937633,1.0,0.0,0.019100049141937633
2.0,2160.0,0.0,0.09723678404461183,0.09723678404461183,1.0,0.0,0.09723678404461183
2.0,2240.0,0.0,0.0,0.0,0.0,0.0,0.0
2.0,2320.0,0.0,2.9977676178292505,2.9977676178292505,1.0,0.0,2.9977676178292505
2.0,2400.0,0.0,0.0,0.0,1.0,1.0,0.007472769969672295
2.0,2480.0,0.0,0.0,0.0,1.0,1.0,0.0
2.0,2560.0,0.0,0.0,0.0,1.0,1.0,0.05034457936536033
2.0,2640.0,0.035433458027007786,0.035433458027007786,0.0,0.0,0.0,0.035433458027007786
2.0,2720.0,0.0,0.0,0.0,1.0,1.0,0.07055393423424647
2.0,2800.0,0.0,1.2968725075908882,1.2968725075908882,1.0,0.0,1.6364388231135565
2.0,2880.0,0.0,0.9784094716124312,0.9784094716124312,1.0,0.0,0.7098882660025285
2.0,2960.0,0.0,0.8300932370068049,0.8300932370068049,1.0,0.0,0.8300932370068049
2.0,3040.0,2.395793660435262,2.395793660435262,0.0,0.0,0.0,1.6795330789151148
2.0,3120.0,2.3244001904782907,2.3244001904782907,0.0,0.0,0.0,0.0
2.0,3200.0,0.25959628888221675,0.25959628888221675,0.0,0.0,0.0,0.25959628888221675
2.0,3280.0,1.5530654979429337,1.5530654979429337,0.0,0.0,0.0,0.0
2.0,3360.0,0.0,0.0,0.0,1.0,1.0,2.3318123585440977
2.0,3440.0,0.848571100433259,0.848571100433259,0.0,0.0,0.0,0.8010359672721927
2.0,3520.0,0.0,0.0,0.0,0.0,0.0,0.0
2.0,3600.0,2.026096794055946,0.10230389976276655,-1.9237928942931792,0.0,0.0,2.026096794055946
2.0,3680.0,0.19362134818643478,0.19362134818643478,0.0,0.0,0.0,0.5583296947955142
2.0,3760.0,0.7460598191972505,0.7460598191972505,0.0,0.0,0.0,2.1508536537549308
2.0,3840.0,1.8325194761147978,1.472840773651479,-0.3596787024633188,0.0,0.0,2.715075677566039
2.0,3920.0,0.07120913528673645,0.07120913528673645,0.0,0.0,0.0,0.07120913528673645
3.0,1280.0,0.0,0.8674814034203306,0.8674814034203306,1.0,0.0,0.8674814034203306
3.0,1360.0,0.0,0.6740247819464779,0.6740247819464779,1.0,0.0,0.6740247819464779
3.0,1440.0,0.0,0.22152537429114552,0.22152537429114552,1.0,0.0,0.22152537429114552
3.0,1600.0,0.0,0.0,0.0,0.0,0.0,0.0
3.0,1680.0,0.0,0.0,0.0,0.0,0.0,0.0
3.0,1760.0,0.0,0.44657620012002436,0.44657620012002436,1.0,0.0,0.44657620012002436
3.0,1840.0,0.0,1.618456457614768,1.618456457614768,1.0,0.0,1.618456457614768
3.0,1920.0,1.1236500030049943,0.0,-1.1236500030049943,0.0,1.0,1.1236500030049943
3.0,2000.0,0.4814313814616038,0.0,-0.4814313814616038,0.0,0.0,0.0
3.0,2080.0,0.0,2.0065168439336403,2.0065168439336403,1.0,0.0,2.0065168439336403
3.0,2160.0,0.0,0.0,0.0,1.0,0.0,0.0563088312229814
3.0,2240.0,0.0,0.0,0.0,0.0,0.0,0.0
3.0,2320.0,0.0,0.3745790308566725,0.3745790308566725,1.0,0.0,0.3745790308566725
3.0,2400.0,0.0,0.3563762846027546,0.3563762846027546,1.0,0.0,0.3563762846027546
3.0,2480.0,0.39655965059349596,0.39655965059349596,0.0,0.0,0.0,0.39655965059349596
3.0,2560.0,0.0,0.0,0.0,0.0,1.0,0.0
3.0,2640.0,0.0,0.0,0.0,0.0,0.0,0.0
3.0,2720.0,0.0,0.1268342728388171,0.1268342728388171,1.0,0.0,0.1268342728388171
3.0,2800.0,0.0,0.0,0.0,0.0,0.0,0.0
3.0,2880.0,0.0,0.0,0.0,0.0,1.0,0.0
3.0,2960.0,0.0,0.051843195040748344,0.051843195040748344,1.0,0.0,0.051843195040748344
3.0,3040.0,2.364995985630234,2.364995985630234,0.0,0.0,0.0,2.364995985630234
3.0,3120.0,1.1254206401774556,3.087130190089587,1.9617095499121313,0.0,0.0,1.1254206401774556
3.0,3200.0,0.1771130755667596,4.584455778137642,4.407342702570882,0.0,0.0,0.1771130755667596
3.0,3280.0,0.0,0.007193523048185713,0.007193523048185713,1.0,0.0,0.007193523048185713
3.0,3360.0,0.46744545207984334,0.46744545207984334,0.0,0.0,0.0,0.46744545207984334
3.0,3440.0,0.0,0.0,0.0,0.0,1.0,0.0
3.0,3520.0,8.731987303371943,8.731987303371943,0.0,0.0,0.0,5.13647208552179
3.0,3600.0,0.0,1.061731230701004,1.061731230701004,1.0,0.0,0.8035869276667057
3.0,3680.0,0.8552697532302362,0.8552697532302362,0.0,0.0,0.0,0.8552697532302362
3.0,3760.0,1.1648608864490257,1.1648608864490257,0.0,0.0,0.0,1.1648608864490257
3.0,3840.0,0.5459176445247715,0.5459176445247715,0.0,0.0,0.0,0.5459176445247715
3.0,3920.0,0.0,0.0,0.0,1.0,1.0,0.27872003684838237
4.0,1200.0,0.0,0.0,0.0,0.0,0.0,0.0
4.0,1280.0,0.0,0.0,0.0,1.0,0.0,0.03214806819798034
4.0,1360.0,0.0,0.0,0.0,0.0,0.0,0.0
4.0,1440.0,0.0,0.0,0.0,1.0,1.0,0.08588757696902766
4.0,1520.0,0.0,0.0,0.0,0.0,0.0,0.0
4.0,1600.0,0.0,0.0013642109721869466,0.0013642109721869466,1.0,0.0,0.03394262554004886
4.0,1680.0,0.0,0.0,0.0,0.0,0.0,0.0
4.0,1760.0,0.0,0.7799049229691296,0.7799049229691296,1.0,0.0,0.7799049229691296
4.0,1840.0,0.0,0.9736889787187607,0.9736889787187607,1.0,0.0,0.9736889787187607
4.0,1920.0,0.0,0.0,0.0,1.0,0.0,0.0
4.0,2000.0,0.4128497106911908,3.9416422011118932,3.5287924904207024,0.0,0.0,0.4128497106911908
4.0,2080.0,0.0,0.30978382451148345,0.30978382451148345,1.0,0.0,0.30978382451148345
4.0,2160.0,0.0,0.7274150547330764,0.7274150547330764,1.0,0.0,0.7274150547330764
4.0,2240.0,0.0,0.2267674137792094,0.2267674137792094,1.0,0.0,0.2267674137792094
4.0,2320.0,0.14510704017690046,0.0,-0.14510704017690046,0.0,1.0,0.14510704017690046
4.0,2400.0,0.0,0.0,0.0,0.0,0.0,0.0
4.0,2480.0,0.0,0.0,0.0,1.0,1.0,0.7863644705699249
4.0,2560.0,0.0,0.12085729952756313,0.12085729952756313,1.0,0.0,0.12085729952756313
4.0,2640.0,0.0,1.4705969374932746,1.4705969374932746,1.0,0.0,1.4705969374932746
4.0,2720.0,0.0,0.6470402450251969,0.6470402450251969,1.0,0.0,0.6470402450251969
4.0,2800.0,0.0,0.0,0.0,1.0,1.0,0.025552442922632396
4.0,2880.0,0.0,1.2038884966976837,1.2038884966976837,1.0,0.0,1.2038884966976837
4.0,2960.0,0.5453852306134854,0.5453852306134854,0.0,0.0,0.0,0.5453852306134854
4.0,3040.0,0.0,1.7459214397017981,1.7459214397017981,1.0,0.0,1.7459214397017981
4.0,3120.0,0.0,0.0,0.0,0.0,0.0,0.0
4.0,3200.0,0.0,0.4566846823458145,0.4566846823458145,0.0,0.0,0.0
4.0,3280.0,3.078988994317718,0.0,-3.078988994317718,0.0,1.0,3.1118662351946256
4.0,3360.0,0.39638684129507284,0.0,-0.39638684129507284,0.0,1.0,0.39638684129507284
4.0,3440.0,0.0,0.8947995836200427,0.8947995836200427,1.0,0.0,0.8947995836200427
4.0,3520.0,1.8719085586202406,3.87868509034078,2.0067765317205395,0.0,0.0,0.0
4.0,3600.0,0.47089437921658645,0.47089437921658645,0.0,0.0,0.0,0.47089437921658645
4.0,3680.0,0.0,0.0,0.0,0.0,1.0,0.0
4.0,3760.0,0.0,0.0,0.0,1.0,1.0,0.0
4.0,3840.0,0.0,0.0,0.0,0.0,0.0,0.0
4.0,3920.0,0.0,0.6963981651116357,0.6963981651116357,1.0,0.0,0.6963981651116357
5.0,1200.0,0.0,3.9295937706108393,3.9295937706108393,1.0,0.0,3.9295937706108393
5.0,1280.0,0.2917831315433306,0.2702788939305485,-0.021504237612782084,0.0,0.0,0.2917831315433306
5.0,1360.0,0.0,0.5278992170945273,0.5278992170945273,1.0,0.0,0.5278992170945273
5.0,1440.0,0.0,0.16237580594594458,0.16237580594594458,1.0,0.0,0.16237580594594458
5.0,1520.0,0.0,0.44215979633897834,0.44215979633897834,1.0,0.0,0.44215979633897834
5.0,1600.0,0.1158918547889058,0.1158918547889058,0.0,0.0,0.0,0.0
5.0,1680.0,0.0,0.0,0.0,0.0,0.0,0.0
5.0,1760.0,0.20960196903476608,0.0,-0.20960196903476608,0.0,1.0,0.20960196903476608
5.0,1840.0,0.0,0.0,0.0,0.0,0.0,0.0
5.0,1920.0,0.0,0.8322112793062574,0.8322112793062574,1.0,0.0,0.8322112793062574
5.0,2000.0,0.0,0.1520927782442758,0.1520927782442758,1.0,0.0,0.1520927782442758
5.0,2080.0,0.14670292569291862,0.14670292569291862,0.0,0.0,0.0,0.14670292569291862
5.0,2160.0,0.0,0.0,0.0,0.0,0.0,0.0
5.0,2240.0,0.0,0.0,0.0,1.0,1.0,0.02510856679160238
5.0,2320.0,0.0,0.11961052520109076,0.11961052520109076,1.0,0.0,0.11961052520109076
5.0,2400.0,0.0,6.554545116135728,6.554545116135728,1.0,0.0,6.594469661878559
5.0,2480.0,0.0,0.0,0.0,0.0,0.0,0.0
5.0,2560.0,0.0,1.3395262759670161,1.3395262759670161,1.0,0.0,1.2558627004339522
5.0,2640.0,1.5052080285953948,0.0,-1.5052080285953948,0.0,1.0,1.986992037147838
5.0,2720.0,1.0139739520027693,1.0139739520027693,0.0,0.0,0.0,1.0139739520027693
5.0,2800.0,0.9044637975320879,0.0,-0.9044637975320879,0.0,1.0,0.9044637975320879
5.0,2880.0,0.0,0.0,0.0,0.0,0.0,0.0
5.0,2960.0,1.775834558580411,1.775834558580411,0.0,0.0,0.0,0.47992119402655686
5.0,3040.0,0.0,0.0,0.0,0.0,0.0,0.0
5.0,3120.0,3.6143110576147714,3.6143110576147714,0.0,0.0,0.0,3.839238581874968
5.0,3200.0,0.0,0.13922213681758322,0.13922213681758322,1.0,0.0,0.0
5.0,3280.0,1.4694794462326364,1.4694794462326364,0.0,0.0,0.0,0.0
5.0,3360.0,3.140965516620297,3.1385235644740415,-0.0024419521462557547,0.0,0.0,3.140965516620297
5.0,3440.0,3.094609799315352,3.094609799315352,0.0,0.0,0.0,2.889863654430098
5.0,3520.0,0.6397866104852835,0.8035075890513106,0.16372097856602708,0.0,0.0,1.2589969800791347
5.0,3600.0,0.0,1.3171890173382255,1.3171890173382255,0.0,0.0,0.0
5.0,3680.0,0.0,0.7936516365553078,0.7936516365553078,1.0,0.0,0.7936516365553078
5.0,3760.0,0.0,0.7636984673063563,0.7636984673063563,1.0,0.0,0.7636984673063563
5.0,3840.0,1.5101915775847439,0.0,-1.5101915775847439,0.0,1.0,0.0
5.0,3920.0,0.8465672685584655,0.8465672685584655,0.0,0.0,0.0,0.9563128226985764
6.0,1200.0,0.0,0.029563605799832082,0.029563605799832082,1.0,0.0,0.029563605799832082
6.0,1280.0,0.0,0.0,0.0,1.0,0.0,0.02581227947293637
6.0,1360.0,0.0,0.0,0.0,0.0,0.0,0.0
6.0,1440.0,0.020455688542061822,0.020455688542061822,0.0,0.0,0.0,0.020455688542061822
6.0,1520.0,0.2119966752637964,0.2119966752637964,0.0,0.0,0.0,0.2119966752637964
6.0,1600.0,0.0,0.18935629873075183,0.18935629873075183,1.0,0.0,0.18935629873075183
6.0,1680.0,0.0,0.6740247819464779,0.6740247819464779,1.0,0.0,0.6740247819464779
6.0,1760.0,0.0,0.2993290866106084,0.2993290866106084,1.0,0.0,0.2993290866106084
6.0,1840.0,0.0,0.0,0.0,0.0,0.0,0.0
6.0,2000.0,0.0,0.0,0.0,0.0,0.0,0.0
6.0,2080.0,0.0,0.0,0.0,0.0,0.0,0.0
6.0,2160.0,0.7099561894468553,0.7099561894468553,0.0,0.0,0.0,0.7099561894468553
6.0,2240.0,0.0018491243645416167,0.0,-0.0018491243645416167,0.0,0.0,0.0
6.0,2320.0,0.0,0.0,0.0,1.0,0.0,0.0
6.0,2400.0,0.0,0.0,0.0,0.0,0.0,0.0
6.0,2480.0,0.0,0.6171894360463058,0.6171894360463058,1.0,0.0,1.045946865547177
6.0,2560.0,0.0,0.12960976525643025,0.12960976525643025,1.0,0.0,0.12960976525643025
6.0,2640.0,0.0,0.0,0.0,0.0,0.0,0.0
6.0,2720.0,0.0,0.0,0.0,0.0,0.0,0.0
6.0,2800.0,0.0,0.0,0.0,0.0,0.0,0.0
6.0,2880.0,0.03644434570294889,4.142557471678309,4.10611312597536,0.0,0.0,0.03644434570294889
6.0,2960.0,0.0,0.9490940161202236,0.9490940161202236,0.0,0.0,0.0
6.0,3040.0,0.0,0.0,0.0,0.0,0.0,0.0
6.0,3120.0,0.0,0.0562478611297955,0.0562478611297955,1.0,0.0,0.0
6.0,3200.0,0.0,0.03491865285773077,0.03491865285773077,1.0,0.0,1.0733227476120653
6.0,3280.0,1.02247987772372,0.0,-1.02247987772372,0.0,1.0,1.02247987772372
6.0,3360.0,0.0,0.0,0.0,1.0,1.0,0.2235822132806522
6.0,3440.0,0.0,0.4524112245882113,0.4524112245882113,1.0,0.0,0.4524112245882113
6.0,3520.0,0.0,0.0,0.0,1.0,1.0,0.0894691929035546
6.0,3600.0,0.02210047252347236,0.02210047252347236,0.0,0.0,0.0,0.02210047252347236
6.0,3680.0,3.3534546644106076,3.3534546644106076,0.0,0.0,0.0,0.0
6.0,3760.0,0.0,0.7873169564260545,0.7873169564260545,0.0,0.0,0.7873169564260545
6.0,3840.0,0.0,0.0,0.0,0.0,1.0,0.0
6.0,3920.0,0.5261896051891449,0.5261896051891449,0.0,0.0,0.0,0.5261896051891449
7.0,1200.0,0.007151568292507959,0.0,-0.007151568292507959,0.0,0.0,0.0
7.0,1280.0,0.0708512292804051,0.07109065856528354,0.00023942928487843962,0.0,0.0,0.0708512292804051
7.0,1360.0,0.0,0.3731278766819681,0.3731278766819681,1.0,0.0,0.3731278766819681
7.0,1440.0,0.12072861907859594,0.12072861907859594,0.0,0.0,0.0,0.12072861907859594
7.0,1520.0,0.0,0.15034993940763647,0.15034993940763647,1.0,0.0,0.15034993940763647
7.0,1600.0,0.0,0.0,0.0,1.0,1.0,0.5026294370601248
7.0,1680.0,0.0,0.07631330531550279,0.07631330531550279,1.0,0.0,0.07631330531550279
7.0,1760.0,0.0,0.6515184561542563,0.6515184561542563,1.0,0.0,0.6515184561542563
7.0,1840.0,0.0,0.11861990101943572,0.11861990101943572,1.0,0.0,0.11861990101943572
7.0,1920.0,0.0,0.15847618700722715,0.15847618700722715,1.0,0.0,0.15847618700722715
7.0,2000.0,0.0,0.0,0.0,0.0,0.0,0.0
7.0,2080.0,0.0,0.1584086609000759,0.1584086609000759,1.0,0.0,0.1584086609000759
7.0,2160.0,0.6097691430485199,0.0,-0.6097691430485199,0.0,1.0,0.6097691430485199
7.0,2240.0,0.0,0.0,0.0,1.0,0.0,0.0
7.0,2320.0,0.0,0.0,0.0,0.0,0.0,0.0
7.0,2400.0,0.0,0.0,0.0,0.0,0.0,0.0
7.0,2480.0,1.5171586142906268,1.4615297893414696,-0.05562882494915722,0.0,0.0,1.4618823410974067
7.0,2560.0,0.0,0.8729255417487796,0.8729255417487796,1.0,0.0,0.8729255417487796
7.0,2640.0,0.0,0.0,0.0,0.0,1.0,0.0
7.0,2720.0,0.0,0.0,0.0,1.0,0.0,0.0
7.0,2800.0,0.041317072019447496,0.020390562616285704,-0.02092650940316179,0.0,0.0,0.041317072019447496
7.0,2880.0,2.79110472861059,2.79110472861059,0.0,0.0,0.0,2.79110472861059
7.0,2960.0,1.5288273862944917,1.5288273862944917,0.0,0.0,0.0,0.11055592062731334
7.0,3040.0,0.0,3.1650391160724896,3.1650391160724896,1.0,0.0,3.1650391160724896
7.0,3120.0,0.0,0.0,0.0,0.0,1.0,0.0
7.0,3200.0,0.0,0.0,0.0,1.0,1.0,0.37928511582350927
7.0,3280.0,0.0,0.0,0.0,1.0,0.0,0.0
7.0,3360.0,0.7405469172163393,0.7405469172163393,0.0,0.0,0.0,0.7405469172163393
7.0,3440.0,1.3120892086495248,1.3120892086495248,0.0,0.0,0.0,2.5736809715400275
7.0,3520.0,0.0,0.0,0.0,1.0,0.0,0.0
7.0,3600.0,3.0011949698288225,0.0,-3.0011949698288225,0.0,1.0,3.0011949698288225
7.0,3680.0,0.6735498927421673,0.6735498927421673,0.0,0.0,0.0,1.528638506989714
7.0,3760.0,0.0,2.7333753179026363,2.7333753179026363,1.0,0.0,2.7333753179026363
7.0,3840.0,0.3260711790392116,0.3260711790392116,0.0,0.0,0.0,0.0
7.0,3920.0,0.0,0.0,0.0,1.0,1.0,0.08920503472004815
8.0,1200.0,0.0,0.0,0.0,0.0,0.0,0.0
8.0,1280.0,0.4981197318066234,0.4981197318066234,0.0,0.0,0.0,0.0
8.0,1360.0,0.0,0.14854576493865623,0.14854576493865623,1.0,0.0,0.14854576493865623
8.0,1440.0,0.0,0.0,0.0,1.0,0.0,0.03196409804779681
8.0,1520.0,0.0,0.0,0.0,0.0,0.0,0.0
8.0,1600.0,0.0,0.0,0.0,1.0,0.0,0.0
8.0,1680.0,0.0,0.8552221761301713,0.8552221761301713,1.0,0.0,0.8552221761301713
8.0,1760.0,0.0,0.1888932157987279,0.1888932157987279,1.0,0.0,0.1888932157987279
8.0,1840.0,0.0,0.0,0.0,0.0,0.0,0.0
8.0,1920.0,0.0,0.0,0.0,0.0,0.0,0.0
8.0,2000.0,0.0,0.5039109364612958,0.5039109364612958,1.0,0.0,0.5039109364612958
8.0,2080.0,0.0,0.0,0.0,0.0,0.0,0.0
8.0,2160.0,0.0,0.0,0.0,1.0,0.0,0.0
8.0,2240.0,0.0,0.0,0.0,0.0,0.0,0.0
8.0,2320.0,0.0,0.0,0.0,0.0,0.0,0.0
8.0,2400.0,0.0,0.057086978372356774,0.057086978372356774,1.0,0.0,0.057086978372356774
8.0,2480.0,0.0,0.6139737430405934,0.6139737430405934,1.0,0.0,0.6139737430405934
8.0,2560.0,0.0,0.12820391609975007,0.12820391609975007,1.0,0.0,0.12820391609975007
8.0,2640.0,0.0,0.0,0.0,1.0,0.0,0.027286052292497198
8.0,2720.0,0.0,0.0,0.0,1.0,1.0,0.4153050151550119
8.0,2800.0,0.0,0.0,0.0,1.0,1.0,0.3754515109867967
8.0,2880.0,0.0,0.0,0.0,1.0,1.0,1.0030493155597817
8.0,2960.0,0.052745030937405346,0.0,-0.052745030937405346,0.0,1.0,0.052745030937405346
8.0,3040.0,0.6688602909065187,0.6688602909065187,0.0,0.0,0.0,0.0
8.0,3120.0,0.0,0.6688602909065187,0.6688602909065187,0.0,0.0,0.0
8.0,3200.0,0.0,0.0,0.0,0.0,0.0,0.0
8.0,3280.0,0.0,0.0,0.0,0.0,0.0,0.0
8.0,3360.0,0.0,0.0,0.0,1.0,0.0,0.0
8.0,3440.0,0.3334070126090278,0.3334070126090278,0.0,0.0,0.0,0.3334070126090278
8.0,3520.0,0.0,1.132959272155453,1.132959272155453,1.0,0.0,1.132959272155453
8.0,3600.0,6.192317931734829,0.0,-6.192317931734829,0.0,1.0,6.192317931734829
8.0,3680.0,0.41028311983788956,0.0,-0.41028311983788956,0.0,0.0,0.0
8.0,3760.0,0.0,0.0,0.0,0.0,1.0,0.0
8.0,3840.0,0.0,0.0,0.0,0.0,1.0,0.0
8.0,3920.0,4.9264113728149885,0.0,-4.9264113728149885,0.0,1.0,4.9264113728149885
9.0,1200.0,0.18026555604468963,0.0,-0.18026555604468963,0.0,0.0,0.0
9.0,1280.0,0.0,0.0,0.0,0.0,0.0,0.0
9.0,1360.0,0.0,0.09919968355306105,0.09919968355306105,1.0,0.0,0.09919968355306105
9.0,1440.0,0.0,0.0,0.0,0.0,0.0,0.0
9.0,1520.0,0.0,0.8062476122707517,0.8062476122707517,1.0,0.0,0.8062476122707517
9.0,1600.0,0.0,0.0,0.0,0.0,0.0,0.0
9.0,1680.0,0.0,0.9358165154855642,0.9358165154855642,1.0,0.0,0.9358165154855642
9.0,1760.0,0.0,0.02853521183237505,0.02853521183237505,1.0,0.0,0.02853521183237505
9.0,1840.0,0.0,0.030367640423224523,0.030367640423224523,1.0,0.0,0.030367640423224523
9.0,1920.0,0.0,0.9130580014123009,0.9130580014123009,1.0,0.0,0.9130580014123009
9.0,2000.0,0.0,0.029861253826654298,0.029861253826654298,1.0,0.0,0.029861253826654298
9.0,2080.0,0.0,0.524124337325655,0.524124337325655,1.0,0.0,0.524124337325655
9.0,2160.0,0.0,0.0,0.0,0.0,0.0,0.0
9.0,2240.0,0.0,0.0,0.0,0.0,0.0,0.0
9.0,2320.0,0.0,0.4209820525393503,0.4209820525393503,1.0,0.0,0.4209820525393503
9.0,2400.0,0.0,0.0,0.0,0.0,0.0,0.0
9.0,2480.0,0.0,0.0,0.0,1.0,1.0,0.0
9.0,2560.0,0.0,0.0,0.0,0.0,0.0,0.0
9.0,2640.0,0.0,0.3484085008988864,0.3484085008988864,1.0,0.0,0.3484085008988864
9.0,2720.0,0.0,0.0,0.0,1.0,0.0,0.0
9.0,2800.0,0.023152360902144453,0.0,-0.023152360902144453,0.0,1.0,0.27074859602382223
9.0,2880.0,5.335633066758574,0.0,-5.335633066758574,0.0,1.0,0.0
9.0,2960.0,0.0,0.0,0.0,0.0,0.0,0.0
9.0,3120.0,0.0,0.0,0.0,0.0,0.0,0.0
9.0,3200.0,0.0,0.0,0.0,0.0,0.0,0.0
9.0,3280.0,0.0,0.5307720620213393,0.5307720620213393,1.0,0.0,0.5307720620213393
9.0,3360.0,1.0965887526355662,1.0965887526355662,0.0,0.0,0.0,1.0965887526355662
9.0,3440.0,0.0,0.0,0.0,0.0,0.0,0.0
9.0,3520.0,0.0,0.0,0.0,0.0,0.0,0.0
9.0,3600.0,0.0,0.0,0.0,0.0,0.0,0.0
9.0,3680.0,0.0,2.4747946988818867,2.4747946988818867,1.0,0.0,2.4747946988818867
9.0,3760.0,0.0,0.12721311604378832,0.12721311604378832,1.0,0.0,0.12721311604378832
9.0,3840.0,0.18875849156055904,0.18875849156055904,0.0,0.0,0.0,0.0
9.0,3920.0,0.659913810998373,0.659913810998373,0.0,0.0,0.0,0.0
10.0,1200.0,0.0,0.0,0.0,1.0,0.0,0.0
10.0,1280.0,0.028505953012909126,0.028505953012909126,0.0,0.0,0.0,0.028505953012909126
10.0,1360.0,0.0,0.3112601596805554,0.3112601596805554,1.0,0.0,0.3112601596805554
10.0,1440.0,0.0,0.6052967593756894,0.6052967593756894,1.0,0.0,0.6052967593756894
10.0,1520.0,0.17760825339345218,0.17760825339345218,0.0,0.0,0.0,0.17760825339345218
10.0,1600.0,0.0,0.0,0.0,0.0,0.0,0.0
10.0,1680.0,0.572826992076737,0.0,-0.572826992076737,0.0,0.0,0.0
10.0,1760.0,0.0,2.0966678302669712,2.0966678302669712,1.0,0.0,0.01887795973060114
10.0,1920.0,0.0,0.10552319021762543,0.10552319021762543,1.0,0.0,0.10552319021762543
10.0,2000.0,0.0,0.10552319021762543,0.10552319021762543,1.0,0.0,0.10552319021762543
10.0,2080.0,7.706911938092329,1.1563590891809232,-6.550552848911406,0.0,0.0,7.706911938092329
10.0,2160.0,0.0,0.0,0.0,1.0,1.0,0.0
10.0,2240.0,0.0,0.0,0.0,1.0,0.0,0.0
10.0,2320.0,0.0,0.0,0.0,0.0,0.0,0.0
10.0,2400.0,0.0,0.0,0.0,0.0,0.0,0.0
10.0,2480.0,0.0,0.0,0.0,0.0,0.0,0.0
10.0,2560.0,0.0,0.6337821518902695,0.6337821518902695,1.0,0.0,1.2883069195155434
10.0,2640.0,0.0,0.0,0.0,0.0,0.0,0.0
10.0,2720.0,0.0,4.391787918481019,4.391787918481019,1.0,0.0,3.8199523796233947
10.0,2800.0,0.3805831011052927,0.3805831011052927,0.0,0.0,0.0,0.3805831011052927
10.0,2880.0,0.7663786245342274,0.7663786245342274,0.0,0.0,0.0,0.0
10.0,2960.0,0.0,0.0,0.0,0.0,0.0,0.0
10.0,3040.0,0.0,0.9095739797186747,0.9095739797186747,1.0,0.0,0.9095739797186747
10.0,3120.0,0.07192360716936907,0.0,-0.07192360716936907,0.0,1.0,0.0
10.0,3200.0,1.2557943816714805,1.2557943816714805,0.0,0.0,0.0,0.0
10.0,3280.0,0.0,0.0,0.0,1.0,1.0,0.0
10.0,3360.0,3.3672608919583182,0.0,-3.3672608919583182,0.0,1.0,0.07231497542412467
10.0,3440.0,4.647715566751512,4.647715566751512,0.0,0.0,0.0,4.003564317056217
10.0,3520.0,0.0,0.0,0.0,1.0,0.0,0.0
10.0,3600.0,0.0,0.0,0.0,1.0,0.0,0.0
10.0,3680.0,0.22245626870896812,0.22245626870896812,0.0,0.0,0.0,0.22245626870896812
10.0,3760.0,0.6599732690854867,0.6599732690854867,0.0,0.0,0.0,0.0
10.0,3840.0,0.0,0.0,0.0,0.0,0.0,0.0
11.0,1200.0,0.0,0.179723117105848,0.179723117105848,1.0,0.0,0.179723117105848
11.0,1280.0,0.0,0.0,0.0,0.0,0.0,0.0
11.0,1360.0,0.0,0.0,0.0,0.0,0.0,0.0
11.0,1440.0,0.0,0.0,0.0,0.0,0.0,0.0
11.0,1520.0,0.0,0.0,0.0,1.0,1.0,0.3435161856804797
11.0,1600.0,0.0,0.0,0.0,0.0,0.0,0.0
11.0,1680.0,0.020159466295339133,0.020159466295339133,0.0,0.0,0.0,0.020159466295339133
11.0,1760.0,0.0,0.0858036054959622,0.0858036054959622,1.0,0.0,0.0
11.0,1840.0,0.0,0.0858036054959622,0.0858036054959622,0.0,0.0,0.0
11.0,1920.0,0.0,0.0,0.0,0.0,0.0,0.0
11.0,2000.0,0.0,0.0,0.0,0.0,0.0,0.0
11.0,2080.0,3.795108913606308,4.7796208184426465,0.9845119048363387,0.0,0.0,4.7796208184426465
11.0,2160.0,0.0,0.9406212816446534,0.9406212816446534,1.0,0.0,0.9406212816446534
11.0,2240.0,0.0,0.0,0.0,0.0,0.0,0.0
11.0,2320.0,0.027879672138205143,0.0,-0.027879672138205143,0.0,1.0,0.027879672138205143
11.0,2400.0,0.0,0.40170430651164063,0.40170430651164063,1.0,0.0,0.40170430651164063
11.0,2560.0,0.0,0.0,0.0,0.0,0.0,0.0
11.0,2640.0,0.0,0.0,0.0,0.0,0.0,0.0
11.0,2800.0,0.0,0.1536397178854785,0.1536397178854785,1.0,0.0,0.1536397178854785
11.0,2880.0,0.3421674684293803,0.0,-0.3421674684293803,0.0,1.0,0.3421674684293803
11.0,2960.0,0.03487716982192235,0.03487716982192235,0.0,0.0,0.0,0.03751139519944359
11.0,3040.0,0.0,0.0,0.0,1.0,1.0,0.03112333347400386
11.0,3120.0,0.02284420893939826,2.7222136494695834,2.699369440530185,0.0,0.0,0.02284420893939826
11.0,3200.0,0.0,0.0,0.0,0.0,0.0,0.0
11.0,3280.0,0.0,0.0,0.0,0.0,1.0,0.0
11.0,3360.0,0.7884263873237793,0.0,-0.7884263873237793,0.0,1.0,0.3620547354128698
11.0,3440.0,0.0,0.2995509847653438,0.2995509847653438,0.0,0.0,0.0
11.0,3520.0,0.15545691689560526,0.0,-0.15545691689560526,0.0,1.0,0.15545691689560526
11.0,3600.0,0.025240143496064477,0.025240143496064477,0.0,0.0,0.0,0.025240143496064477
11.0,3680.0,0.0,0.0,0.0,0.0,0.0,0.0
11.0,3760.0,0.0,0.6347210047014151,0.6347210047014151,1.0,0.0,0.6347210047014151
11.0,3840.0,0.0,0.0,0.0,0.0,0.0,0.0
11.0,3920.0,0.0,0.0,0.0,1.0,1.0,0.0
